폴더,검색어,제외어,"제목만(제목만:1, 전체검색:0)"
필수,10조,,1
필수,1위,,1
필수,2위,,1
필수,3상,,1
필수,CBDC,,1
필수,E-pit,,1
필수,JV 설립,,1
필수,LFP,,1
필수,PDT,,1
필수,PIF,,1
필수,Public Investment Fund,,1
필수,SM엔터,,1
필수,가격 급등,,1
필수,가격 폭등,,1
필수,가능성 경고,,1
필수,가능성 솔솔,,1
필수,가능성 제시,,1
필수,간암 효능,,1
필수,게임체인져,,1
필수,경구용,,1
필수,경구형,,1
필수,경영권,,1
필수,고체산화물,,1
필수,골라 죽인다,,1
필수,골라 치료,,1
필수,공급 대란,,1
필수,공급난,,1
필수,공급난 가격,,1
필수,공급부족,,1
필수,광역학,,1
필수,구글,,1
필수,구글 1위,,1
필수,구글 2위,,1
필수,구글 3위,,1
필수,구글 매출,,1
필수,구글 파트너,,1
필수,구글 획득,,1
필수,국내 처음,,1
필수,국내 첫,,1
필수,국내 최괴,,1
필수,국내 최대,,1
필수,국내 최초,,1
필수,국부 펀드,,1
필수,국부펀드,,1
필수,국제 유가,,1
필수,급등 여파,,1
필수,급등 운임,,1
필수,기술 이전,,1
필수,기아 애플,,1
필수,김범수 SM,,1
필수,김범수 에스엠,,1
필수,꽂힌 한국기업,,1
필수,나스닥 상장,,1
필수,난제 풀었다,,1
필수,난제 해결,,1
필수,니켈 가격,,1
필수,니켈 급등,,1
필수,니켈 품귀,,1
필수,단독,,1
필수,대란 우려,,1
필수,대란 최악,,1
필수,대영채비,,1
필수,동일기전,,1
필수,돼지 인간,,1
필수,디지털 달러,,1
필수,디지털 위안화,,1
필수,디지털 화폐,,1
필수,디지털유로화,,1
필수,디지털트윈,,1
필수,라이크 기획,,1
필수,리비안,,1
필수,리튬 가격,,1
필수,리튬인산철,,1
필수,마그나,,1
필수,마켓컬리,,1
필수,먹는 코로나,,1
필수,몸값 평가,,1
필수,美 상장,,1
필수,미국 진출,,1
필수,미국 특허,,1
필수,미국행,,1
필수,미국行,,1
필수,미래먹거리,,1
필수,바이든,,1
필수,바이오프린팅,,1
필수,방사능,,1
필수,배 늘린다,,1
필수,배로 늘린다,,1
필수,배터리 재사용,,1
필수,배터리 재활용,,1
필수,봉쇄,,1
필수,부처 신설,,1
필수,비마약성,,1
필수,빛으로 치료,,1
필수,사멸 발생,,1
필수,사멸 효과,,1
필수,사멸 효능,,1
필수,사멸 효력,,1
필수,사모펀드,,1
필수,사모펀드에 팔리나,,1
필수,사상 처음,,1
필수,사상 최대,,1
필수,사업 진출,,1
필수,삼성 개발,,1
필수,삼성 이관,,1
필수,삼성 인수,,1
필수,삼성 전장,,1
필수,삼성 지원,,1
필수,삼성 진출,,1
필수,삼성 추진,,1
필수,삼성 투자,,1
필수,삼성 하만,,1
필수,상용화,,1
필수,상하이,,1
필수,세계 비상,,1
필수,세계 첫,,1
필수,세계 최고,,1
필수,세계 최대,,1
필수,세계 최초,,1
필수,세슘,,1
필수,소프트뱅크,,1
필수,쇼티지,,1
필수,수조원,,1
필수,수출금지,,1
필수,수출중단,,1
필수,스마트원전,,1
필수,스타코프,,1
필수,스팀 1위,,1
필수,스팀 2위,,1
필수,스팀 3위,,1
필수,시그넷EV,,1
필수,식량,,1
필수,식용유,,1
필수,신설 계획,,1
필수,쌍용차,,1
필수,아기상어,,1
필수,아시아 최초,,1
필수,애플 1위,,1
필수,애플 2위,,1
필수,애플 공급,,1
필수,애플 탑재,,1
필수,애플 협상,,1
필수,애플 협의,,1
필수,애플카,,1
필수,앱스토어 1위,,1
필수,앱스토어 2위,,1
필수,앱스토어 매출,,1
필수,없어서 못판다,,1
필수,에스엠엔터,,1
필수,역대 최고,,1
필수,역대 최다,,1
필수,역대 최대,,1
필수,역대급,,1
필수,연료전지,,1
필수,열기 후끈,,1
필수,염호,,1
필수,영장류,,1
필수,오가노이드,,1
필수,완전관해,,1
필수,완치,,1
필수,완판,,1
필수,우려 대란,,1
필수,우려 사태,,1
필수,우수한 효능,,1
필수,운임 급등,,1
필수,원격의료,,1
필수,원격진료,,1
필수,유니콘,,1
필수,유의미한,,1
필수,유일하게,,1
필수,의료용 대마,,1
필수,의무화,,1
필수,이엘비앤티,,1
필수,이재용,,1
필수,이종장기,,1
필수,인공각막,,1
필수,인공세포막,,1
필수,인공장기,,1
필수,인공췌장,,1
필수,인수,,1
필수,인수 뛰어들어,,1
필수,인수 속도,,1
필수,인수 착수,,1
필수,인수 추진중,,1
필수,인수설,,1
필수,인수위,,1
필수,인수자금,,1
필수,인수전 뛰어들어,,1
필수,인수차 실사,,1
필수,임상 3상,,1
필수,자금 조달,,1
필수,자율주행,,1
필수,장기 이식,,1
필수,잭팟,,1
필수,적극 추진,,1
필수,적대적,,1
필수,전고체,,1
필수,전량 교체,,1
필수,전면 도입,,1
필수,전면 폐지,,1
필수,전세계에서,,1
필수,제휴 타진,,1
필수,조 수주,,1
필수,주문 폭증,,1
필수,중대 발표,,1
필수,중화 입증,,1
필수,지분 매각,,1
필수,지분 투자,,1
필수,지분인수,,1
필수,지분취득,,1
필수,차지콘,,1
필수,참여키로,,1
필수,첫 상용화,,1
필수,청신호,,1
필수,초비상,,1
필수,최고치,,1
필수,췌장암 효능,,1
필수,치료제 개발,,1
필수,치료제 생산,,1
필수,치매 개발,,1
필수,치매 치료,,1
필수,카나리아바이오,,1
필수,카나비디올,,1
필수,카카오 SM,,1
필수,카카오 에스엠,,1
필수,컨소시엄,,1
필수,테슬라,,1
필수,파킨슨,,1
필수,판호 발급,,1
필수,판호 허가,,1
필수,판호 허용,,1
필수,팜유 수출,,1
필수,폐배터리,,1
필수,폭등,,1
필수,폭증,,1
필수,품귀,,1
필수,품나,,1
필수,품다,,1
필수,품으로,,1
필수,품절,,1
필수,피 한방울,,1
필수,피폭,,1
필수,핑크퐁,,1
필수,韓 첫,,1
필수,韓기업 첫,,1
필수,한충전,,1
필수,한한령,,1
필수,해결사 등극,,1
필수,해결사 부상,,1
필수,혈액암,,1
필수,확보 비상,,1
필수,획기적,,1
필수,효과 확인,,1
필수,효과입증,,1
필수,효능 입증,,1
필수,효능 확인,,1
필수,효력 입증,,1
필수,효력 확인,,1
필수,희귀약 지정,,1
필수,희토류,,1
일반,0% 억제,,1
일반,0% 인상,,1
일반,0배 폭등,,1
일반,0억 조달,,1
일반,0조,,1
일반,1% 억제,,1
일반,1% 인상,,1
일반,100%,,1
일반,100배,,1
일반,1억 조달,,1
일반,1조,,1
일반,2억 조달,,1
일반,2조,,1
일반,2차전지,,1
일반,3D 프린팅,,1
일반,3억 조달,,1
일반,3조,,1
일반,4억 조달,,1
일반,4조,,1
일반,5억 조달,,1
일반,5조,,1
일반,6억 조달,,1
일반,6조,,1
일반,7억 조달,,1
일반,7조,,1
일반,8억 조달,,1
일반,8조,,1
일반,90%,,1
일반,99%,,1
일반,99.9%,,1
일반,9부 능선,,1
일반,9억 조달,,1
일반,9조,,1
일반,AR 글래스,,1
일반,ARM,,1
일반,ASML,,1
일반,AWS,,1
일반,CAR-T,,1
일반,CNT,,1
일반,E-GMP,,1
일반,e심,,1
일반,FC-BGA,,1
일반,FDA 등록,,1
일반,FDA 등재,,1
일반,FDA 승인,,1
일반,FDA 완료,,1
일반,FDA 임상,,1
일반,FDA 허가,,1
일반,FDA 획득,,1
일반,inovio,,1
일반,LG에너지솔루션,,1
일반,LG엔솔,,1
일반,LNG,,1
일반,LNP,,1
일반,MCU,,1
일반,MOU,,1
일반,OPEC,,1
일반,QD디스플레이,,1
일반,WHO 승인,,1
일반,가격 인상,,1
일반,가덕도,,1
일반,가동률,,1
일반,가상 화폐,,1
일반,가상세계,,1
일반,가상현실,,1
일반,가속도,,1
일반,가스프롬,,1
일반,가시화,,1
일반,가중시켜,,1
일반,가즈프롬,,1
일반,간암,,1
일반,갈메드,,1
일반,강화 추진,,1
일반,개발 계획,,1
일반,개발 배터리,,1
일반,개발 본격,,1
일반,개발 본격화,,1
일반,개발 인수,,1
일반,개발 전기,,1
일반,개발 최초,,1
일반,개발 추진,,1
일반,개발 탄력,,1
일반,개발계획,,1
일반,개선 확인,,1
일반,개선 효능,,1
일반,개선효과,,1
일반,개최 예정,,1
일반,건보 적용,,1
일반,건설 논의,,1
일반,걸림돌,,1
일반,검토 결정,,1
일반,검토 대비,,1
일반,검토 비축,,1
일반,게임체인저,,1
일반,결과 공개,,1
일반,결과 발표,,1
일반,결과 입증,,1
일반,결렬,,1
일반,결정 임박,,1
일반,결합심사,,1
일반,경보 발령,,1
일반,경영권 매각,,1
일반,경영권 인수,,1
일반,경영참여,,1
일반,경쟁 후끈,,1
일반,경쟁력 강화,,1
일반,고공행진,,1
일반,고형암,,1
일반,곡물,,1
일반,골판지,,1
일반,공급 계약,,1
일반,공급 선정,,1
일반,공급망,,1
일반,공급망 강화,,1
일반,공급망 확대,,1
일반,공급업체 선정,,1
일반,구리 가격,,1
일반,구리 급등,,1
일반,국산화,,1
일반,국산화 성공,,1
일반,국산화 시동,,1
일반,국산화 추진,,1
일반,국정과제 발표,,1
일반,국제유가,,1
일반,국책 과제,,1
일반,국책과제,,1
일반,국책사업,,1
일반,국회 비준,,1
일반,국회 통과,,1
일반,국회법 개정안,,1
일반,귀한몸,,1
일반,규모 건설,,1
일반,규모 억원,,1
일반,규모 조원,,1
일반,규제 완화,,1
일반,그래핀,,1
일반,극대화,,1
일반,글로벌 공급,,1
일반,글로벌 진출,,1
일반,급부상,,1
일반,긍정적,,1
일반,기밀유지 협약,,1
일반,기본 탑재,,1
일반,기술 개발,,1
일반,기술 과제,,1
일반,기술 수출,,1
일반,기술수출,,1
일반,기술이전,,1
일반,긴급 사용,,1
일반,긴급 승인,,1
일반,긴급 전달,,1
일반,긴급 지원,,1
일반,나노젠,,1
일반,넘었다,,1
일반,뉴로젠,,1
일반,뉴젠테라퓨틱스,,1
일반,달성 전망,,1
일반,당론 추진,,1
일반,대규모 계약,,1
일반,대규모 투자,,1
일반,대란에,,1
일반,대량 생산,,1
일반,대열 합류,,1
일반,대장암,,1
일반,대장암 효능,,1
일반,대체물질,,1
일반,대폭,,1
일반,대항마,,1
일반,데피조,,1
일반,도전장,,1
일반,독자 생산,,1
일반,독자생산,,1
일반,독점,,1
일반,독점 공급,,1
일반,돈방석,,1
일반,동물실험,,1
일반,돼지 장기,,1
일반,디파이,,1
일반,떠오른다,,1
일반,떠오를 듯,,1
일반,떠오를듯,,1
일반,뛰어나,,1
일반,뛰어든다,,1
일반,뜬다,,1
일반,라이다,,1
일반,락사이,,1
일반,란셋,,1
일반,래피젠,,1
일반,러브콜,,1
일반,로드맵,,1
일반,로봇,,1
일반,루시드,,1
일반,루푸스신염,,1
일반,리디,,1
일반,리디북스,,1
일반,리튬,,1
일반,리튬메탈,,1
일반,리튬플러스,,1
일반,리포락셀,,1
일반,말기암,,1
일반,맞손,,1
일반,매각,,1
일반,매출 급증,,1
일반,매출 기록,,1
일반,머스크,,1
일반,머신비전,,1
일반,무균돼지,,1
일반,무독성 입증,,1
일반,물류대란,,1
일반,물밑협상,,1
일반,美 시장 진출,,1
일반,미국 개시,,1
일반,밀리의 서재,,1
일반,바나듐,,1
일반,바이오 프린팅,,1
일반,바이오노트,,1
일반,바이오레즈,,1
일반,바이오로제트,,1
일반,바이오젠텍,,1
일반,바이오텐,,1
일반,바이오트리,,1
일반,반값 현실화,,1
일반,반사이익,,1
일반,방문 한다,,1
일반,배 증가,,1
일반,배 폭등,,1
일반,백지화,,1
일반,법안 가결,,1
일반,법안 소위,,1
일반,법안 처리,,1
일반,변이 효능,,1
일반,본격 시동,,1
일반,본격 추진,,1
일반,본격 행보,,1
일반,본격화,,1
일반,부족 경고,,1
일반,북미 최대,,1
일반,북미회담,,1
일반,북한 관광,,1
일반,분수령,,1
일반,불티,,1
일반,블랙록,,1
일반,비바리퍼블리카,,1
일반,비상등,,1
일반,비상사태,,1
일반,비상조치,,1
일반,비엔엑스,,1
일반,비전 발표,,1
일반,비전펀드,,1
일반,빌게이츠,,1
일반,빠른 개발,,1
일반,사우디 석유,,1
일반,상용화 본격,,1
일반,상용화 쾌거,,1
일반,상장 속도,,1
일반,상장 추진,,1
일반,상장심사,,1
일반,새 길 열었다,,1
일반,새만금,,1
일반,새지평,,1
일반,성운파마,,1
일반,세계 1위,,1
일반,세계 산업,,1
일반,세계 제재,,1
일반,셰일가스,,1
일반,소니 전기차,,1
일반,소니카,,1
일반,소재기업 투자,,1
일반,속도붙나,,1
일반,손잡는다,,1
일반,손잡다,,1
일반,손정의,,1
일반,송유관,,1
일반,쇄도,,1
일반,숏 리스트,,1
일반,수산화리튬,,1
일반,수주 확보,,1
일반,수출 금지,,1
일반,수출 제한,,1
일반,수출허가,,1
일반,시너지,,1
일반,시장 공략,,1
일반,실사 착수,,1
일반,실타래,,1
일반,실효성 입증,,1
일반,심사 발표,,1
일반,싹쓸이,,1
일반,아시아 최대,,1
일반,안전성 확인,,1
일반,안텐진,,1
일반,알루미늄 가격,,1
일반,알츠하이머,,1
일반,암세포,,1
일반,암호화폐,,1
일반,애플,,1
일반,앱스토어,,1
일반,야놀자,,1
일반,양산 임박,,1
일반,양해각서,,1
일반,어려움 가중,,1
일반,억 수주,,1
일반,억제 효과,,1
일반,엑소좀,,1
일반,엔이에스바이오테크놀러지,,1
일반,엠큐렉스,,1
일반,여파 급등,,1
일반,영변,,1
일반,예비 타당성,,1
일반,예의주시,,1
일반,예타 면제,,1
일반,예타 추진,,1
일반,예타 통과,,1
일반,오리니아,,1
일반,완전자율주행,,1
일반,완화 검토,,1
일반,우수 대비,,1
일반,웅바이오테크,,1
일반,원동력,,1
일반,원료 생산,,1
일반,월등히,,1
일반,위믹스,,1
일반,유미코어,,1
일반,유연탄,,1
일반,유의성,,1
일반,유의성 확보,,1
일반,유조선 공격,,1
일반,유효성,,1
일반,육성 전망,,1
일반,육성 탄력,,1
일반,육성 투입,,1
일반,이달 결과,,1
일반,이달 유력,,1
일반,이르면 결정,,1
일반,이뮤니스바이오,,1
일반,이상 개발,,1
일반,이상 빠른,,1
일반,이상 효능,,1
일반,이정표,,1
일반,인수 검토,,1
일반,인수 추진,,1
일반,인수 타진,,1
일반,일파만파,,1
일반,일회용 플라스틱,,1
일반,임계,,1
일반,임박,,1
일반,자이버사,,1
일반,자포리자,,1
일반,재추진,,1
일반,적합업종,,1
일반,정부 선정,,1
일반,정부 유력,,1
일반,정부 추진,,1
일반,제2의,,1
일반,兆,,1
일반,조건부 승인,,1
일반,조만간 발표,,1
일반,조재필,,1
일반,주식 취득,,1
일반,주주 참여,,1
일반,주커버그,,1
일반,줄기세포,,1
일반,中 수출,,1
일반,中 제한,,1
일반,中 합작 설립,,1
일반,中최대,,1
일반,지각변동,,1
일반,지분 매입,,1
일반,지분 인수,,1
일반,지분 취득,,1
일반,지분매각,,1
일반,지아이셀,,1
일반,지엘라파,,1
일반,차량용 반도체,,1
일반,車반도체,,1
일반,차세대 개발,,1
일반,차지비,,1
일반,차지인,,1
일반,첫 사례,,1
일반,첫단추,,1
일반,청사진,,1
일반,초격차,,1
일반,초읽기,,1
일반,최대 가격,,1
일반,최대 공급,,1
일반,최대 광산,,1
일반,최대 유효,,1
일반,최대어,,1
일반,추가 취득,,1
일반,추가 투자,,1
일반,출사표,,1
일반,췌장암,,1
일반,치료 가능성,,1
일반,치료 개발,,1
일반,치료 효과,,1
일반,치료 효능,,1
일반,치료제 발견,,1
일반,치료제 새길,,1
일반,치료제 열었다,,1
일반,치료제 효과,,1
일반,카디악인사이트,,1
일반,카인사이언스,,1
일반,카카오 투자,,1
일반,코발트,,1
일반,타진,,1
일반,탁월,,1
일반,탄력 받나,,1
일반,탄소섬유,,1
일반,톱라인,,1
일반,통과 기대,,1
일반,통과 평가,,1
일반,투자 유치,,1
일반,투자 추진,,1
일반,파트너 자격,,1
일반,파트너쉽,,1
일반,파트너십,,1
일반,항암효과,,1
일반,해저광케이블,,1
일반,핵심 개발,,1
일반,핵심 기술,,1
일반,핵심 산업으로,,1
일반,핵심부품,,1
일반,핵심소재,,1
일반,혈액만으로,,1
일반,흡입용,,1
일반,흡입형,,1
미국증시,뉴욕마감,,1
미국증시,뉴욕증시,,1
주간일정,경제·사회부처 주간 일정,,1
주간일정,경제부처일정,,1
주간일정,당선인 방문,,1
주간일정,산업부 주요일정 및 보도계획,,1
주간일정,윤석열 방문,,1
주간일정,정부부처 주간일정 및 보도계획,,1
주간일정,폐배터리 얼라이언스,,1
